<?xml version="1.0" encoding="UTF-8"?>
<metadata xml:lang="ja"><Esri><CreaDate>20221125</CreaDate><CreaTime>10201000</CreaTime><ArcGISFormat>1.0</ArcGISFormat><SyncOnce>FALSE</SyncOnce><DataProperties><lineage><Process ToolSource="c:\program files (x86)\arcgis\desktop10.8\ArcToolbox\Toolboxes\Data Management Tools.tbx\AddField" Date="20221125" Time="102010">AddField D:\usr3\KSJ\KSJ_R4\tetudou\01_鉄道\03_work\SHP\N02-22_Station.shp 作業区分 TEXT # # 2 # NULLABLE NON_REQUIRED #</Process><Process ToolSource="c:\program files (x86)\arcgis\desktop10.8\ArcToolbox\Toolboxes\Data Management Tools.tbx\AddField" Date="20221125" Time="102219">AddField D:\usr3\KSJ\KSJ_R4\tetudou\01_鉄道\03_work\SHP\N02-22_Station.shp 作業区分 TEXT # # 2 # NULLABLE NON_REQUIRED #</Process><Process ToolSource="c:\program files (x86)\arcgis\desktop10.8\ArcToolbox\Toolboxes\Data Management Tools.tbx\CalculateField" Date="20221129" Time="111841">CalculateField 2022\S12-22_NumberOfPassengers 作業_2022 "2021.4.1廃止（日高線24駅）" VB #</Process><Process ToolSource="c:\program files (x86)\arcgis\desktop10.8\ArcToolbox\Toolboxes\Data Management Tools.tbx\CalculateField" Date="20221129" Time="111855">CalculateField 2022\S12-22_NumberOfPassengers 作業区分 1 VB #</Process><Process ToolSource="c:\program files (x86)\arcgis\desktop10.8\ArcToolbox\Toolboxes\Data Management Tools.tbx\CalculateField" Date="20221129" Time="171947">CalculateField 2022\S12-22_NumberOfPassengers 作業_2022 [x作業_2022] VB #</Process><Process ToolSource="c:\program files (x86)\arcgis\desktop10.8\ArcToolbox\Toolboxes\Data Management Tools.tbx\CalculateField" Date="20221129" Time="172009">CalculateField 2022\S12-22_NumberOfPassengers 作業区分 [x作業区分] VB #</Process><Process ToolSource="c:\program files (x86)\arcgis\desktop10.8\ArcToolbox\Toolboxes\Data Management Tools.tbx\CalculateField" Date="20230209" Time="094442">CalculateField 2022\S12-22_NumberOfPassengers 作業区分 9 VB #</Process><Process ToolSource="c:\program files (x86)\arcgis\desktop10.8\ArcToolbox\Toolboxes\Data Management Tools.tbx\CalculateField" Date="20230209" Time="103345">CalculateField 2022\S12-22_NumberOfPassengers S12_002 "一般社団法人札幌市交通事業振興公社" VB #</Process><Process ToolSource="c:\program files (x86)\arcgis\desktop10.8\ArcToolbox\Toolboxes\Data Management Tools.tbx\CalculateField" Date="20230209" Time="103411">CalculateField 2022\S12-22_NumberOfPassengers 作業_2022 "一般社団法人を追加" VB #</Process><Process ToolSource="c:\program files (x86)\arcgis\desktop10.8\ArcToolbox\Toolboxes\Data Management Tools.tbx\CalculateField" Date="20230209" Time="103432">CalculateField 2022\S12-22_NumberOfPassengers 作業区分 1 VB #</Process><Process ToolSource="c:\program files (x86)\arcgis\desktop10.8\ArcToolbox\Toolboxes\Data Management Tools.tbx\CalculateField" Date="20230209" Time="185055">CalculateField 2022\S12-22_NumberOfPassengers 作業_2022 "2023　追加作業（追加）" VB #</Process><Process ToolSource="c:\program files\arcgis\pro\Resources\ArcToolbox\toolboxes\Data Management Tools.tbx\UpdateSchema" Date="20230220" Time="121754">UpdateSchema "CIMDATA=&lt;CIMStandardDataConnection xsi:type='typens:CIMStandardDataConnection' xmlns:xsi='http://www.w3.org/2001/XMLSchema-instance' xmlns:xs='http://www.w3.org/2001/XMLSchema' xmlns:typens='http://www.esri.com/schemas/ArcGIS/2.9.0'&gt;&lt;WorkspaceConnectionString&gt;DATABASE=X:\150_R04国土数値情報（鉄道等）\03_work\03_駅コード付与&lt;/WorkspaceConnectionString&gt;&lt;WorkspaceFactory&gt;Shapefile&lt;/WorkspaceFactory&gt;&lt;Dataset&gt;S12-22_NumberOfPassengers_付与前.shp&lt;/Dataset&gt;&lt;DatasetType&gt;esriDTFeatureClass&lt;/DatasetType&gt;&lt;/CIMStandardDataConnection&gt;" &lt;operationSequence&gt;&lt;workflow&gt;&lt;AddField&gt;&lt;field_name&gt;KEY&lt;/field_name&gt;&lt;field_type&gt;TEXT&lt;/field_type&gt;&lt;field_length&gt;255&lt;/field_length&gt;&lt;field_is_nullable&gt;False&lt;/field_is_nullable&gt;&lt;field_is_required&gt;False&lt;/field_is_required&gt;&lt;/AddField&gt;&lt;/workflow&gt;&lt;/operationSequence&gt;</Process><Process ToolSource="c:\program files\arcgis\pro\Resources\ArcToolbox\toolboxes\Data Management Tools.tbx\CalculateField" Date="20230220" Time="122006">CalculateField S12-22_NumberOfPassengers_付与前 KEY "!S12_002! + "/" + !S12_003! + "/" + !S12_001!" "Python 3" # Text NO_ENFORCE_DOMAINS</Process><Process ToolSource="c:\program files\arcgis\pro\Resources\ArcToolbox\toolboxes\Conversion Tools.tbx\FeatureClassToFeatureClass" Date="20230220" Time="142103">FeatureClassToFeatureClass S12-22_NumberOfPassengers_付与前 X:\150_R04国土数値情報（鉄道等）\03_work\03_駅コード付与 S12-22_NumberOfPassengers.shp # "S12_001 "S12_001" true true false 254 Text 0 0,First,#,S12-22_NumberOfPassengers_付与前,S12-22_NumberOfPassengers_付与前.S12_001,0,254;S12_002 "S12_002" true true false 254 Text 0 0,First,#,S12-22_NumberOfPassengers_付与前,S12-22_NumberOfPassengers_付与前.S12_002,0,254;S12_003 "S12_003" true true false 254 Text 0 0,First,#,S12-22_NumberOfPassengers_付与前,S12-22_NumberOfPassengers_付与前.S12_003,0,254;S12_004 "S12_004" true true false 11 Double 0 11,First,#,S12-22_NumberOfPassengers_付与前,S12-22_NumberOfPassengers_付与前.S12_004,-1,-1;S12_005 "S12_005" true true false 11 Double 0 11,First,#,S12-22_NumberOfPassengers_付与前,S12-22_NumberOfPassengers_付与前.S12_005,-1,-1;S12_006 "S12_006" true true false 11 Double 0 11,First,#,S12-22_NumberOfPassengers_付与前,S12-22_NumberOfPassengers_付与前.S12_006,-1,-1;S12_007 "S12_007" true true false 11 Double 0 11,First,#,S12-22_NumberOfPassengers_付与前,S12-22_NumberOfPassengers_付与前.S12_007,-1,-1;S12_008 "S12_008" true true false 254 Text 0 0,First,#,S12-22_NumberOfPassengers_付与前,S12-22_NumberOfPassengers_付与前.S12_008,0,254;S12_009 "S12_009" true true false 11 Double 0 11,First,#,S12-22_NumberOfPassengers_付与前,S12-22_NumberOfPassengers_付与前.S12_009,-1,-1;S12_010 "S12_010" true true false 11 Double 0 11,First,#,S12-22_NumberOfPassengers_付与前,S12-22_NumberOfPassengers_付与前.S12_010,-1,-1;S12_011 "S12_011" true true false 11 Double 0 11,First,#,S12-22_NumberOfPassengers_付与前,S12-22_NumberOfPassengers_付与前.S12_011,-1,-1;S12_012 "S12_012" true true false 254 Text 0 0,First,#,S12-22_NumberOfPassengers_付与前,S12-22_NumberOfPassengers_付与前.S12_012,0,254;S12_013 "S12_013" true true false 11 Double 0 11,First,#,S12-22_NumberOfPassengers_付与前,S12-22_NumberOfPassengers_付与前.S12_013,-1,-1;S12_014 "S12_014" true true false 11 Double 0 11,First,#,S12-22_NumberOfPassengers_付与前,S12-22_NumberOfPassengers_付与前.S12_014,-1,-1;S12_015 "S12_015" true true false 11 Double 0 11,First,#,S12-22_NumberOfPassengers_付与前,S12-22_NumberOfPassengers_付与前.S12_015,-1,-1;S12_016 "S12_016" true true false 254 Text 0 0,First,#,S12-22_NumberOfPassengers_付与前,S12-22_NumberOfPassengers_付与前.S12_016,0,254;S12_017 "S12_017" true true false 11 Double 0 11,First,#,S12-22_NumberOfPassengers_付与前,S12-22_NumberOfPassengers_付与前.S12_017,-1,-1;S12_018 "S12_018" true true false 11 Double 0 11,First,#,S12-22_NumberOfPassengers_付与前,S12-22_NumberOfPassengers_付与前.S12_018,-1,-1;S12_019 "S12_019" true true false 11 Double 0 11,First,#,S12-22_NumberOfPassengers_付与前,S12-22_NumberOfPassengers_付与前.S12_019,-1,-1;S12_020 "S12_020" true true false 254 Text 0 0,First,#,S12-22_NumberOfPassengers_付与前,S12-22_NumberOfPassengers_付与前.S12_020,0,254;S12_021 "S12_021" true true false 11 Double 0 11,First,#,S12-22_NumberOfPassengers_付与前,S12-22_NumberOfPassengers_付与前.S12_021,-1,-1;S12_022 "S12_022" true true false 11 Double 0 11,First,#,S12-22_NumberOfPassengers_付与前,S12-22_NumberOfPassengers_付与前.S12_022,-1,-1;S12_023 "S12_023" true true false 11 Double 0 11,First,#,S12-22_NumberOfPassengers_付与前,S12-22_NumberOfPassengers_付与前.S12_023,-1,-1;S12_024 "S12_024" true true false 254 Text 0 0,First,#,S12-22_NumberOfPassengers_付与前,S12-22_NumberOfPassengers_付与前.S12_024,0,254;S12_025 "S12_025" true true false 11 Double 0 11,First,#,S12-22_NumberOfPassengers_付与前,S12-22_NumberOfPassengers_付与前.S12_025,-1,-1;S12_026 "S12_026" true true false 11 Double 0 11,First,#,S12-22_NumberOfPassengers_付与前,S12-22_NumberOfPassengers_付与前.S12_026,-1,-1;S12_027 "S12_027" true true false 11 Double 0 11,First,#,S12-22_NumberOfPassengers_付与前,S12-22_NumberOfPassengers_付与前.S12_027,-1,-1;S12_028 "S12_028" true true false 254 Text 0 0,First,#,S12-22_NumberOfPassengers_付与前,S12-22_NumberOfPassengers_付与前.S12_028,0,254;S12_029 "S12_029" true true false 11 Double 0 11,First,#,S12-22_NumberOfPassengers_付与前,S12-22_NumberOfPassengers_付与前.S12_029,-1,-1;S12_030 "S12_030" true true false 11 Double 0 11,First,#,S12-22_NumberOfPassengers_付与前,S12-22_NumberOfPassengers_付与前.S12_030,-1,-1;S12_031 "S12_031" true true false 11 Double 0 11,First,#,S12-22_NumberOfPassengers_付与前,S12-22_NumberOfPassengers_付与前.S12_031,-1,-1;S12_032 "S12_032" true true false 254 Text 0 0,First,#,S12-22_NumberOfPassengers_付与前,S12-22_NumberOfPassengers_付与前.S12_032,0,254;S12_033 "S12_033" true true false 11 Double 0 11,First,#,S12-22_NumberOfPassengers_付与前,S12-22_NumberOfPassengers_付与前.S12_033,-1,-1;S12_034 "S12_034" true true false 11 Double 0 11,First,#,S12-22_NumberOfPassengers_付与前,S12-22_NumberOfPassengers_付与前.S12_034,-1,-1;S12_035 "S12_035" true true false 11 Double 0 11,First,#,S12-22_NumberOfPassengers_付与前,S12-22_NumberOfPassengers_付与前.S12_035,-1,-1;S12_036 "S12_036" true true false 254 Text 0 0,First,#,S12-22_NumberOfPassengers_付与前,S12-22_NumberOfPassengers_付与前.S12_036,0,254;S12_037 "S12_037" true true false 11 Double 0 11,First,#,S12-22_NumberOfPassengers_付与前,S12-22_NumberOfPassengers_付与前.S12_037,-1,-1;S12_038 "S12_038" true true false 11 Double 0 11,First,#,S12-22_NumberOfPassengers_付与前,S12-22_NumberOfPassengers_付与前.S12_038,-1,-1;S12_039 "S12_039" true true false 11 Double 0 11,First,#,S12-22_NumberOfPassengers_付与前,S12-22_NumberOfPassengers_付与前.S12_039,-1,-1;S12_040 "S12_040" true true false 254 Text 0 0,First,#,S12-22_NumberOfPassengers_付与前,S12-22_NumberOfPassengers_付与前.S12_040,0,254;S12_041 "S12_041" true true false 11 Double 0 11,First,#,S12-22_NumberOfPassengers_付与前,S12-22_NumberOfPassengers_付与前.S12_041,-1,-1;S12_042 "S12_042" true true false 11 Double 0 11,First,#,S12-22_NumberOfPassengers_付与前,S12-22_NumberOfPassengers_付与前.S12_042,-1,-1;S12_043 "S12_043" true true false 11 Double 0 11,First,#,S12-22_NumberOfPassengers_付与前,S12-22_NumberOfPassengers_付与前.S12_043,-1,-1;S12_044 "S12_044" true true false 254 Text 0 0,First,#,S12-22_NumberOfPassengers_付与前,S12-22_NumberOfPassengers_付与前.S12_044,0,254;S12_045 "S12_045" true true false 11 Double 0 11,First,#,S12-22_NumberOfPassengers_付与前,S12-22_NumberOfPassengers_付与前.S12_045,-1,-1;S12_046 "S12_046" true true false 11 Double 0 11,First,#,S12-22_NumberOfPassengers_付与前,S12-22_NumberOfPassengers_付与前.S12_046,-1,-1;S12_047 "S12_047" true true false 11 Double 0 11,First,#,S12-22_NumberOfPassengers_付与前,S12-22_NumberOfPassengers_付与前.S12_047,-1,-1;S12_048 "S12_048" true true false 254 Text 0 0,First,#,S12-22_NumberOfPassengers_付与前,S12-22_NumberOfPassengers_付与前.S12_048,0,254;S12_049 "S12_049" true true false 11 Double 0 11,First,#,S12-22_NumberOfPassengers_付与前,S12-22_NumberOfPassengers_付与前.S12_049,-1,-1;作業_2022 "作業_2022" true true false 100 Text 0 0,First,#,S12-22_NumberOfPassengers_付与前,S12-22_NumberOfPassengers_付与前.作業_2022,0,100;作業区分 "作業区分" true true false 2 Text 0 0,First,#,S12-22_NumberOfPassengers_付与前,S12-22_NumberOfPassengers_付与前.作業区分,0,2;KEY "KEY" true true false 254 Text 0 0,First,#,S12-22_NumberOfPassengers_付与前,S12-22_NumberOfPassengers_付与前.KEY,0,254;Lat "Lat" true true false 8 Double 0 0,First,#,S12-22_NumberOfPassengers_付与前,diss_eki_pt.Lat,-1,-1;StCode "StCode" true true false 255 Text 0 0,First,#,S12-22_NumberOfPassengers_付与前,diss_eki_pt.StCode,0,255;ReStCode "ReStCode" true true false 255 Text 0 0,First,#,S12-22_NumberOfPassengers_付与前,diss_eki_pt.ReStCode,0,255" #</Process><Process ToolSource="c:\program files\arcgis\pro\Resources\ArcToolbox\toolboxes\Data Management Tools.tbx\DeleteField" Date="20230220" Time="155520">DeleteField S12-22_NumberOfPassengers 作業_2022;作業区分;KEY;Lat フィールドの削除</Process><Process ToolSource="c:\program files\arcgis\pro\Resources\ArcToolbox\toolboxes\Data Management Tools.tbx\UpdateSchema" Date="20230220" Time="160106">UpdateSchema "CIMDATA=&lt;CIMStandardDataConnection xsi:type='typens:CIMStandardDataConnection' xmlns:xsi='http://www.w3.org/2001/XMLSchema-instance' xmlns:xs='http://www.w3.org/2001/XMLSchema' xmlns:typens='http://www.esri.com/schemas/ArcGIS/2.9.0'&gt;&lt;WorkspaceConnectionString&gt;DATABASE=X:\150_R04国土数値情報（鉄道等）\03_work\06_各種データへ変換\03_駅別乗降客数&lt;/WorkspaceConnectionString&gt;&lt;WorkspaceFactory&gt;Shapefile&lt;/WorkspaceFactory&gt;&lt;Dataset&gt;S12-22_NumberOfPassengers.shp&lt;/Dataset&gt;&lt;DatasetType&gt;esriDTFeatureClass&lt;/DatasetType&gt;&lt;/CIMStandardDataConnection&gt;" &lt;operationSequence&gt;&lt;workflow&gt;&lt;AddField&gt;&lt;field_name&gt;S12_001c&lt;/field_name&gt;&lt;field_type&gt;TEXT&lt;/field_type&gt;&lt;field_length&gt;255&lt;/field_length&gt;&lt;field_is_nullable&gt;False&lt;/field_is_nullable&gt;&lt;field_is_required&gt;False&lt;/field_is_required&gt;&lt;/AddField&gt;&lt;/workflow&gt;&lt;workflow&gt;&lt;AddField&gt;&lt;field_name&gt;S12_001g&lt;/field_name&gt;&lt;field_type&gt;TEXT&lt;/field_type&gt;&lt;field_length&gt;255&lt;/field_length&gt;&lt;field_is_nullable&gt;False&lt;/field_is_nullable&gt;&lt;field_is_required&gt;False&lt;/field_is_required&gt;&lt;/AddField&gt;&lt;/workflow&gt;&lt;/operationSequence&gt;</Process><Process ToolSource="c:\program files\arcgis\pro\Resources\ArcToolbox\toolboxes\Data Management Tools.tbx\CalculateField" Date="20230220" Time="160140">CalculateField S12-22_NumberOfPassengers S12_001c !StCode! "Python 3" # Text NO_ENFORCE_DOMAINS</Process><Process ToolSource="c:\program files\arcgis\pro\Resources\ArcToolbox\toolboxes\Data Management Tools.tbx\CalculateField" Date="20230220" Time="160159">CalculateField S12-22_NumberOfPassengers S12_001g !ReStCode! "Python 3" # Text NO_ENFORCE_DOMAINS</Process><Process ToolSource="c:\program files\arcgis\pro\Resources\ArcToolbox\toolboxes\Data Management Tools.tbx\DeleteField" Date="20230220" Time="160252">DeleteField S12-22_NumberOfPassengers StCode;ReStCode フィールドの削除</Process><Process ToolSource="c:\program files\arcgis\pro\Resources\ArcToolbox\toolboxes\Conversion Tools.tbx\FeatureClassToFeatureClass" Date="20230220" Time="160853">FeatureClassToFeatureClass S12-22_NumberOfPassengers X:\150_R04国土数値情報（鉄道等）\03_work\06_各種データへ変換 S12-22_NumberOfPassengers.shp # "S12_001 "S12_001" true true false 254 Text 0 0,First,#,S12-22_NumberOfPassengers,S12_001,0,254;S12_001c "S12_001c" true true false 254 Text 0 0,First,#,S12-22_NumberOfPassengers,S12_001c,0,254;S12_001g "S12_001g" true true false 254 Text 0 0,First,#,S12-22_NumberOfPassengers,S12_001g,0,254;S12_002 "S12_002" true true false 254 Text 0 0,First,#,S12-22_NumberOfPassengers,S12_002,0,254;S12_003 "S12_003" true true false 254 Text 0 0,First,#,S12-22_NumberOfPassengers,S12_003,0,254;S12_004 "S12_004" true true false 11 Double 0 11,First,#,S12-22_NumberOfPassengers,S12_004,-1,-1;S12_005 "S12_005" true true false 11 Double 0 11,First,#,S12-22_NumberOfPassengers,S12_005,-1,-1;S12_006 "S12_006" true true false 11 Double 0 11,First,#,S12-22_NumberOfPassengers,S12_006,-1,-1;S12_007 "S12_007" true true false 11 Double 0 11,First,#,S12-22_NumberOfPassengers,S12_007,-1,-1;S12_008 "S12_008" true true false 254 Text 0 0,First,#,S12-22_NumberOfPassengers,S12_008,0,254;S12_009 "S12_009" true true false 11 Double 0 11,First,#,S12-22_NumberOfPassengers,S12_009,-1,-1;S12_010 "S12_010" true true false 11 Double 0 11,First,#,S12-22_NumberOfPassengers,S12_010,-1,-1;S12_011 "S12_011" true true false 11 Double 0 11,First,#,S12-22_NumberOfPassengers,S12_011,-1,-1;S12_012 "S12_012" true true false 254 Text 0 0,First,#,S12-22_NumberOfPassengers,S12_012,0,254;S12_013 "S12_013" true true false 11 Double 0 11,First,#,S12-22_NumberOfPassengers,S12_013,-1,-1;S12_014 "S12_014" true true false 11 Double 0 11,First,#,S12-22_NumberOfPassengers,S12_014,-1,-1;S12_015 "S12_015" true true false 11 Double 0 11,First,#,S12-22_NumberOfPassengers,S12_015,-1,-1;S12_016 "S12_016" true true false 254 Text 0 0,First,#,S12-22_NumberOfPassengers,S12_016,0,254;S12_017 "S12_017" true true false 11 Double 0 11,First,#,S12-22_NumberOfPassengers,S12_017,-1,-1;S12_018 "S12_018" true true false 11 Double 0 11,First,#,S12-22_NumberOfPassengers,S12_018,-1,-1;S12_019 "S12_019" true true false 11 Double 0 11,First,#,S12-22_NumberOfPassengers,S12_019,-1,-1;S12_020 "S12_020" true true false 254 Text 0 0,First,#,S12-22_NumberOfPassengers,S12_020,0,254;S12_021 "S12_021" true true false 11 Double 0 11,First,#,S12-22_NumberOfPassengers,S12_021,-1,-1;S12_022 "S12_022" true true false 11 Double 0 11,First,#,S12-22_NumberOfPassengers,S12_022,-1,-1;S12_023 "S12_023" true true false 11 Double 0 11,First,#,S12-22_NumberOfPassengers,S12_023,-1,-1;S12_024 "S12_024" true true false 254 Text 0 0,First,#,S12-22_NumberOfPassengers,S12_024,0,254;S12_025 "S12_025" true true false 11 Double 0 11,First,#,S12-22_NumberOfPassengers,S12_025,-1,-1;S12_026 "S12_026" true true false 11 Double 0 11,First,#,S12-22_NumberOfPassengers,S12_026,-1,-1;S12_027 "S12_027" true true false 11 Double 0 11,First,#,S12-22_NumberOfPassengers,S12_027,-1,-1;S12_028 "S12_028" true true false 254 Text 0 0,First,#,S12-22_NumberOfPassengers,S12_028,0,254;S12_029 "S12_029" true true false 11 Double 0 11,First,#,S12-22_NumberOfPassengers,S12_029,-1,-1;S12_030 "S12_030" true true false 11 Double 0 11,First,#,S12-22_NumberOfPassengers,S12_030,-1,-1;S12_031 "S12_031" true true false 11 Double 0 11,First,#,S12-22_NumberOfPassengers,S12_031,-1,-1;S12_032 "S12_032" true true false 254 Text 0 0,First,#,S12-22_NumberOfPassengers,S12_032,0,254;S12_033 "S12_033" true true false 11 Double 0 11,First,#,S12-22_NumberOfPassengers,S12_033,-1,-1;S12_034 "S12_034" true true false 11 Double 0 11,First,#,S12-22_NumberOfPassengers,S12_034,-1,-1;S12_035 "S12_035" true true false 11 Double 0 11,First,#,S12-22_NumberOfPassengers,S12_035,-1,-1;S12_036 "S12_036" true true false 254 Text 0 0,First,#,S12-22_NumberOfPassengers,S12_036,0,254;S12_037 "S12_037" true true false 11 Double 0 11,First,#,S12-22_NumberOfPassengers,S12_037,-1,-1;S12_038 "S12_038" true true false 11 Double 0 11,First,#,S12-22_NumberOfPassengers,S12_038,-1,-1;S12_039 "S12_039" true true false 11 Double 0 11,First,#,S12-22_NumberOfPassengers,S12_039,-1,-1;S12_040 "S12_040" true true false 254 Text 0 0,First,#,S12-22_NumberOfPassengers,S12_040,0,254;S12_041 "S12_041" true true false 11 Double 0 11,First,#,S12-22_NumberOfPassengers,S12_041,-1,-1;S12_042 "S12_042" true true false 11 Double 0 11,First,#,S12-22_NumberOfPassengers,S12_042,-1,-1;S12_043 "S12_043" true true false 11 Double 0 11,First,#,S12-22_NumberOfPassengers,S12_043,-1,-1;S12_044 "S12_044" true true false 254 Text 0 0,First,#,S12-22_NumberOfPassengers,S12_044,0,254;S12_045 "S12_045" true true false 11 Double 0 11,First,#,S12-22_NumberOfPassengers,S12_045,-1,-1;S12_046 "S12_046" true true false 11 Double 0 11,First,#,S12-22_NumberOfPassengers,S12_046,-1,-1;S12_047 "S12_047" true true false 11 Double 0 11,First,#,S12-22_NumberOfPassengers,S12_047,-1,-1;S12_048 "S12_048" true true false 254 Text 0 0,First,#,S12-22_NumberOfPassengers,S12_048,0,254;S12_049 "S12_049" true true false 11 Double 0 11,First,#,S12-22_NumberOfPassengers,S12_049,-1,-1" #</Process><Process ToolSource="c:\program files\arcgis\pro\Resources\ArcToolbox\Toolboxes\Data Management Tools.tbx\DeleteField" Date="20230220" Time="204250">DeleteField S12-22_NumberOfPassengers S12_001c;S12_001g フィールドの削除</Process><Process ToolSource="c:\program files\arcgis\pro\Resources\ArcToolbox\toolboxes\Data Management Tools.tbx\UpdateSchema" Date="20230220" Time="205311">UpdateSchema "CIMDATA=&lt;CIMStandardDataConnection xsi:type='typens:CIMStandardDataConnection' xmlns:xsi='http://www.w3.org/2001/XMLSchema-instance' xmlns:xs='http://www.w3.org/2001/XMLSchema' xmlns:typens='http://www.esri.com/schemas/ArcGIS/2.9.0'&gt;&lt;WorkspaceConnectionString&gt;DATABASE=X:\150_R04国土数値情報（鉄道等）\03_work\05_駅コード付与&lt;/WorkspaceConnectionString&gt;&lt;WorkspaceFactory&gt;Shapefile&lt;/WorkspaceFactory&gt;&lt;Dataset&gt;S12-22_NumberOfPassengers_付与前.shp&lt;/Dataset&gt;&lt;DatasetType&gt;esriDTFeatureClass&lt;/DatasetType&gt;&lt;/CIMStandardDataConnection&gt;" &lt;operationSequence&gt;&lt;workflow&gt;&lt;AddField&gt;&lt;field_name&gt;KEY&lt;/field_name&gt;&lt;field_type&gt;TEXT&lt;/field_type&gt;&lt;field_length&gt;255&lt;/field_length&gt;&lt;field_is_nullable&gt;False&lt;/field_is_nullable&gt;&lt;field_is_required&gt;False&lt;/field_is_required&gt;&lt;/AddField&gt;&lt;/workflow&gt;&lt;/operationSequence&gt;</Process><Process ToolSource="c:\program files\arcgis\pro\Resources\ArcToolbox\toolboxes\Data Management Tools.tbx\CalculateField" Date="20230220" Time="205400">CalculateField S12-22_NumberOfPassengers_付与前 KEY "!S12_002! + "/" + !S12_003! + "/" + !S12_001!" "Python 3" # Text NO_ENFORCE_DOMAINS</Process><Process ToolSource="c:\program files\arcgis\pro\Resources\ArcToolbox\toolboxes\Conversion Tools.tbx\FeatureClassToFeatureClass" Date="20230220" Time="210035">FeatureClassToFeatureClass S12-22_NumberOfPassengers_付与前 X:\150_R04国土数値情報（鉄道等）\03_work\05_駅コード付与 S12-22_NumberOfPassengers.shp # "S12_001 "S12_001" true true false 254 Text 0 0,First,#,S12-22_NumberOfPassengers_付与前,S12-22_NumberOfPassengers_付与前.S12_001,0,254;S12_002 "S12_002" true true false 254 Text 0 0,First,#,S12-22_NumberOfPassengers_付与前,S12-22_NumberOfPassengers_付与前.S12_002,0,254;S12_003 "S12_003" true true false 254 Text 0 0,First,#,S12-22_NumberOfPassengers_付与前,S12-22_NumberOfPassengers_付与前.S12_003,0,254;S12_004 "S12_004" true true false 11 Double 0 11,First,#,S12-22_NumberOfPassengers_付与前,S12-22_NumberOfPassengers_付与前.S12_004,-1,-1;S12_005 "S12_005" true true false 11 Double 0 11,First,#,S12-22_NumberOfPassengers_付与前,S12-22_NumberOfPassengers_付与前.S12_005,-1,-1;S12_006 "S12_006" true true false 11 Double 0 11,First,#,S12-22_NumberOfPassengers_付与前,S12-22_NumberOfPassengers_付与前.S12_006,-1,-1;S12_007 "S12_007" true true false 11 Double 0 11,First,#,S12-22_NumberOfPassengers_付与前,S12-22_NumberOfPassengers_付与前.S12_007,-1,-1;S12_008 "S12_008" true true false 254 Text 0 0,First,#,S12-22_NumberOfPassengers_付与前,S12-22_NumberOfPassengers_付与前.S12_008,0,254;S12_009 "S12_009" true true false 11 Double 0 11,First,#,S12-22_NumberOfPassengers_付与前,S12-22_NumberOfPassengers_付与前.S12_009,-1,-1;S12_010 "S12_010" true true false 11 Double 0 11,First,#,S12-22_NumberOfPassengers_付与前,S12-22_NumberOfPassengers_付与前.S12_010,-1,-1;S12_011 "S12_011" true true false 11 Double 0 11,First,#,S12-22_NumberOfPassengers_付与前,S12-22_NumberOfPassengers_付与前.S12_011,-1,-1;S12_012 "S12_012" true true false 254 Text 0 0,First,#,S12-22_NumberOfPassengers_付与前,S12-22_NumberOfPassengers_付与前.S12_012,0,254;S12_013 "S12_013" true true false 11 Double 0 11,First,#,S12-22_NumberOfPassengers_付与前,S12-22_NumberOfPassengers_付与前.S12_013,-1,-1;S12_014 "S12_014" true true false 11 Double 0 11,First,#,S12-22_NumberOfPassengers_付与前,S12-22_NumberOfPassengers_付与前.S12_014,-1,-1;S12_015 "S12_015" true true false 11 Double 0 11,First,#,S12-22_NumberOfPassengers_付与前,S12-22_NumberOfPassengers_付与前.S12_015,-1,-1;S12_016 "S12_016" true true false 254 Text 0 0,First,#,S12-22_NumberOfPassengers_付与前,S12-22_NumberOfPassengers_付与前.S12_016,0,254;S12_017 "S12_017" true true false 11 Double 0 11,First,#,S12-22_NumberOfPassengers_付与前,S12-22_NumberOfPassengers_付与前.S12_017,-1,-1;S12_018 "S12_018" true true false 11 Double 0 11,First,#,S12-22_NumberOfPassengers_付与前,S12-22_NumberOfPassengers_付与前.S12_018,-1,-1;S12_019 "S12_019" true true false 11 Double 0 11,First,#,S12-22_NumberOfPassengers_付与前,S12-22_NumberOfPassengers_付与前.S12_019,-1,-1;S12_020 "S12_020" true true false 254 Text 0 0,First,#,S12-22_NumberOfPassengers_付与前,S12-22_NumberOfPassengers_付与前.S12_020,0,254;S12_021 "S12_021" true true false 11 Double 0 11,First,#,S12-22_NumberOfPassengers_付与前,S12-22_NumberOfPassengers_付与前.S12_021,-1,-1;S12_022 "S12_022" true true false 11 Double 0 11,First,#,S12-22_NumberOfPassengers_付与前,S12-22_NumberOfPassengers_付与前.S12_022,-1,-1;S12_023 "S12_023" true true false 11 Double 0 11,First,#,S12-22_NumberOfPassengers_付与前,S12-22_NumberOfPassengers_付与前.S12_023,-1,-1;S12_024 "S12_024" true true false 254 Text 0 0,First,#,S12-22_NumberOfPassengers_付与前,S12-22_NumberOfPassengers_付与前.S12_024,0,254;S12_025 "S12_025" true true false 11 Double 0 11,First,#,S12-22_NumberOfPassengers_付与前,S12-22_NumberOfPassengers_付与前.S12_025,-1,-1;S12_026 "S12_026" true true false 11 Double 0 11,First,#,S12-22_NumberOfPassengers_付与前,S12-22_NumberOfPassengers_付与前.S12_026,-1,-1;S12_027 "S12_027" true true false 11 Double 0 11,First,#,S12-22_NumberOfPassengers_付与前,S12-22_NumberOfPassengers_付与前.S12_027,-1,-1;S12_028 "S12_028" true true false 254 Text 0 0,First,#,S12-22_NumberOfPassengers_付与前,S12-22_NumberOfPassengers_付与前.S12_028,0,254;S12_029 "S12_029" true true false 11 Double 0 11,First,#,S12-22_NumberOfPassengers_付与前,S12-22_NumberOfPassengers_付与前.S12_029,-1,-1;S12_030 "S12_030" true true false 11 Double 0 11,First,#,S12-22_NumberOfPassengers_付与前,S12-22_NumberOfPassengers_付与前.S12_030,-1,-1;S12_031 "S12_031" true true false 11 Double 0 11,First,#,S12-22_NumberOfPassengers_付与前,S12-22_NumberOfPassengers_付与前.S12_031,-1,-1;S12_032 "S12_032" true true false 254 Text 0 0,First,#,S12-22_NumberOfPassengers_付与前,S12-22_NumberOfPassengers_付与前.S12_032,0,254;S12_033 "S12_033" true true false 11 Double 0 11,First,#,S12-22_NumberOfPassengers_付与前,S12-22_NumberOfPassengers_付与前.S12_033,-1,-1;S12_034 "S12_034" true true false 11 Double 0 11,First,#,S12-22_NumberOfPassengers_付与前,S12-22_NumberOfPassengers_付与前.S12_034,-1,-1;S12_035 "S12_035" true true false 11 Double 0 11,First,#,S12-22_NumberOfPassengers_付与前,S12-22_NumberOfPassengers_付与前.S12_035,-1,-1;S12_036 "S12_036" true true false 254 Text 0 0,First,#,S12-22_NumberOfPassengers_付与前,S12-22_NumberOfPassengers_付与前.S12_036,0,254;S12_037 "S12_037" true true false 11 Double 0 11,First,#,S12-22_NumberOfPassengers_付与前,S12-22_NumberOfPassengers_付与前.S12_037,-1,-1;S12_038 "S12_038" true true false 11 Double 0 11,First,#,S12-22_NumberOfPassengers_付与前,S12-22_NumberOfPassengers_付与前.S12_038,-1,-1;S12_039 "S12_039" true true false 11 Double 0 11,First,#,S12-22_NumberOfPassengers_付与前,S12-22_NumberOfPassengers_付与前.S12_039,-1,-1;S12_040 "S12_040" true true false 254 Text 0 0,First,#,S12-22_NumberOfPassengers_付与前,S12-22_NumberOfPassengers_付与前.S12_040,0,254;S12_041 "S12_041" true true false 11 Double 0 11,First,#,S12-22_NumberOfPassengers_付与前,S12-22_NumberOfPassengers_付与前.S12_041,-1,-1;S12_042 "S12_042" true true false 11 Double 0 11,First,#,S12-22_NumberOfPassengers_付与前,S12-22_NumberOfPassengers_付与前.S12_042,-1,-1;S12_043 "S12_043" true true false 11 Double 0 11,First,#,S12-22_NumberOfPassengers_付与前,S12-22_NumberOfPassengers_付与前.S12_043,-1,-1;S12_044 "S12_044" true true false 254 Text 0 0,First,#,S12-22_NumberOfPassengers_付与前,S12-22_NumberOfPassengers_付与前.S12_044,0,254;S12_045 "S12_045" true true false 11 Double 0 11,First,#,S12-22_NumberOfPassengers_付与前,S12-22_NumberOfPassengers_付与前.S12_045,-1,-1;S12_046 "S12_046" true true false 11 Double 0 11,First,#,S12-22_NumberOfPassengers_付与前,S12-22_NumberOfPassengers_付与前.S12_046,-1,-1;S12_047 "S12_047" true true false 11 Double 0 11,First,#,S12-22_NumberOfPassengers_付与前,S12-22_NumberOfPassengers_付与前.S12_047,-1,-1;S12_048 "S12_048" true true false 254 Text 0 0,First,#,S12-22_NumberOfPassengers_付与前,S12-22_NumberOfPassengers_付与前.S12_048,0,254;S12_049 "S12_049" true true false 11 Double 0 11,First,#,S12-22_NumberOfPassengers_付与前,S12-22_NumberOfPassengers_付与前.S12_049,-1,-1;KEY "KEY" true true false 254 Text 0 0,First,#,S12-22_NumberOfPassengers_付与前,S12-22_NumberOfPassengers_付与前.KEY,0,254;Lat "Lat" true true false 8 Double 0 0,First,#,S12-22_NumberOfPassengers_付与前,diss_eki_pt.Lat,-1,-1;StCode "StCode" true true false 255 Text 0 0,First,#,S12-22_NumberOfPassengers_付与前,diss_eki_pt.StCode,0,255;ReStCode "ReStCode" true true false 255 Text 0 0,First,#,S12-22_NumberOfPassengers_付与前,diss_eki_pt.ReStCode,0,255" #</Process><Process ToolSource="c:\program files\arcgis\pro\Resources\ArcToolbox\toolboxes\Conversion Tools.tbx\FeatureClassToFeatureClass" Date="20230220" Time="212356">FeatureClassToFeatureClass S12-22_NumberOfPassengers X:\150_R04国土数値情報（鉄道等）\03_work\06_各種データへ変換\03_駅別乗降客数 S12-22_NumberOfPassengers.shp # "S12_001 "S12_001" true true false 254 Text 0 0,First,#,S12-22_NumberOfPassengers,S12_001,0,254;S12_001c "S12_001c" true true false 254 Text 0 0,First,#,S12-22_NumberOfPassengers,StCode,0,254;S12_001g "S12_001g" true true false 254 Text 0 0,First,#,S12-22_NumberOfPassengers,ReStCode,0,254;S12_002 "S12_002" true true false 254 Text 0 0,First,#,S12-22_NumberOfPassengers,S12_002,0,254;S12_003 "S12_003" true true false 254 Text 0 0,First,#,S12-22_NumberOfPassengers,S12_003,0,254;S12_004 "S12_004" true true false 11 Double 0 11,First,#,S12-22_NumberOfPassengers,S12_004,-1,-1;S12_005 "S12_005" true true false 11 Double 0 11,First,#,S12-22_NumberOfPassengers,S12_005,-1,-1;S12_006 "S12_006" true true false 11 Double 0 11,First,#,S12-22_NumberOfPassengers,S12_006,-1,-1;S12_007 "S12_007" true true false 11 Double 0 11,First,#,S12-22_NumberOfPassengers,S12_007,-1,-1;S12_008 "S12_008" true true false 254 Text 0 0,First,#,S12-22_NumberOfPassengers,S12_008,0,254;S12_009 "S12_009" true true false 11 Double 0 11,First,#,S12-22_NumberOfPassengers,S12_009,-1,-1;S12_010 "S12_010" true true false 11 Double 0 11,First,#,S12-22_NumberOfPassengers,S12_010,-1,-1;S12_011 "S12_011" true true false 11 Double 0 11,First,#,S12-22_NumberOfPassengers,S12_011,-1,-1;S12_012 "S12_012" true true false 254 Text 0 0,First,#,S12-22_NumberOfPassengers,S12_012,0,254;S12_013 "S12_013" true true false 11 Double 0 11,First,#,S12-22_NumberOfPassengers,S12_013,-1,-1;S12_014 "S12_014" true true false 11 Double 0 11,First,#,S12-22_NumberOfPassengers,S12_014,-1,-1;S12_015 "S12_015" true true false 11 Double 0 11,First,#,S12-22_NumberOfPassengers,S12_015,-1,-1;S12_016 "S12_016" true true false 254 Text 0 0,First,#,S12-22_NumberOfPassengers,S12_016,0,254;S12_017 "S12_017" true true false 11 Double 0 11,First,#,S12-22_NumberOfPassengers,S12_017,-1,-1;S12_018 "S12_018" true true false 11 Double 0 11,First,#,S12-22_NumberOfPassengers,S12_018,-1,-1;S12_019 "S12_019" true true false 11 Double 0 11,First,#,S12-22_NumberOfPassengers,S12_019,-1,-1;S12_020 "S12_020" true true false 254 Text 0 0,First,#,S12-22_NumberOfPassengers,S12_020,0,254;S12_021 "S12_021" true true false 11 Double 0 11,First,#,S12-22_NumberOfPassengers,S12_021,-1,-1;S12_022 "S12_022" true true false 11 Double 0 11,First,#,S12-22_NumberOfPassengers,S12_022,-1,-1;S12_023 "S12_023" true true false 11 Double 0 11,First,#,S12-22_NumberOfPassengers,S12_023,-1,-1;S12_024 "S12_024" true true false 254 Text 0 0,First,#,S12-22_NumberOfPassengers,S12_024,0,254;S12_025 "S12_025" true true false 11 Double 0 11,First,#,S12-22_NumberOfPassengers,S12_025,-1,-1;S12_026 "S12_026" true true false 11 Double 0 11,First,#,S12-22_NumberOfPassengers,S12_026,-1,-1;S12_027 "S12_027" true true false 11 Double 0 11,First,#,S12-22_NumberOfPassengers,S12_027,-1,-1;S12_028 "S12_028" true true false 254 Text 0 0,First,#,S12-22_NumberOfPassengers,S12_028,0,254;S12_029 "S12_029" true true false 11 Double 0 11,First,#,S12-22_NumberOfPassengers,S12_029,-1,-1;S12_030 "S12_030" true true false 11 Double 0 11,First,#,S12-22_NumberOfPassengers,S12_030,-1,-1;S12_031 "S12_031" true true false 11 Double 0 11,First,#,S12-22_NumberOfPassengers,S12_031,-1,-1;S12_032 "S12_032" true true false 254 Text 0 0,First,#,S12-22_NumberOfPassengers,S12_032,0,254;S12_033 "S12_033" true true false 11 Double 0 11,First,#,S12-22_NumberOfPassengers,S12_033,-1,-1;S12_034 "S12_034" true true false 11 Double 0 11,First,#,S12-22_NumberOfPassengers,S12_034,-1,-1;S12_035 "S12_035" true true false 11 Double 0 11,First,#,S12-22_NumberOfPassengers,S12_035,-1,-1;S12_036 "S12_036" true true false 254 Text 0 0,First,#,S12-22_NumberOfPassengers,S12_036,0,254;S12_037 "S12_037" true true false 11 Double 0 11,First,#,S12-22_NumberOfPassengers,S12_037,-1,-1;S12_038 "S12_038" true true false 11 Double 0 11,First,#,S12-22_NumberOfPassengers,S12_038,-1,-1;S12_039 "S12_039" true true false 11 Double 0 11,First,#,S12-22_NumberOfPassengers,S12_039,-1,-1;S12_040 "S12_040" true true false 254 Text 0 0,First,#,S12-22_NumberOfPassengers,S12_040,0,254;S12_041 "S12_041" true true false 11 Double 0 11,First,#,S12-22_NumberOfPassengers,S12_041,-1,-1;S12_042 "S12_042" true true false 11 Double 0 11,First,#,S12-22_NumberOfPassengers,S12_042,-1,-1;S12_043 "S12_043" true true false 11 Double 0 11,First,#,S12-22_NumberOfPassengers,S12_043,-1,-1;S12_044 "S12_044" true true false 254 Text 0 0,First,#,S12-22_NumberOfPassengers,S12_044,0,254;S12_045 "S12_045" true true false 11 Double 0 11,First,#,S12-22_NumberOfPassengers,S12_045,-1,-1;S12_046 "S12_046" true true false 11 Double 0 11,First,#,S12-22_NumberOfPassengers,S12_046,-1,-1;S12_047 "S12_047" true true false 11 Double 0 11,First,#,S12-22_NumberOfPassengers,S12_047,-1,-1;S12_048 "S12_048" true true false 254 Text 0 0,First,#,S12-22_NumberOfPassengers,S12_048,0,254;S12_049 "S12_049" true true false 11 Double 0 11,First,#,S12-22_NumberOfPassengers,S12_049,-1,-1" #</Process></lineage><itemProps><itemName Sync="TRUE">S12-22_NumberOfPassengers</itemName><imsContentType Sync="TRUE">002</imsContentType><itemSize Sync="TRUE">0.000</itemSize><itemLocation><linkage Sync="TRUE">file://\\H7003289\X$\150_R04国土数値情報（鉄道等）\03_work\06_各種データへ変換\03_駅別乗降客数\S12-22_NumberOfPassengers.shp</linkage><protocol Sync="TRUE">Local Area Network</protocol></itemLocation></itemProps><coordRef><type Sync="TRUE">Geographic</type><geogcsn Sync="TRUE">GCS_JGD_2011</geogcsn><csUnits Sync="TRUE">Angular Unit: Degree (0.017453)</csUnits><peXml Sync="TRUE">&lt;GeographicCoordinateSystem xsi:type='typens:GeographicCoordinateSystem' xmlns:xsi='http://www.w3.org/2001/XMLSchema-instance' xmlns:xs='http://www.w3.org/2001/XMLSchema' xmlns:typens='http://www.esri.com/schemas/ArcGIS/2.9.0'&gt;&lt;WKT&gt;GEOGCS[&amp;quot;GCS_JGD_2011&amp;quot;,DATUM[&amp;quot;D_JGD_2011&amp;quot;,SPHEROID[&amp;quot;GRS_1980&amp;quot;,6378137.0,298.257222101]],PRIMEM[&amp;quot;Greenwich&amp;quot;,0.0],UNIT[&amp;quot;Degree&amp;quot;,0.0174532925199433],AUTHORITY[&amp;quot;EPSG&amp;quot;,6668]]&lt;/WKT&gt;&lt;XOrigin&gt;-399.99999999999989&lt;/XOrigin&gt;&lt;YOrigin&gt;-399.99999999999989&lt;/YOrigin&gt;&lt;XYScale&gt;11258999068426.24&lt;/XYScale&gt;&lt;ZOrigin&gt;-100000&lt;/ZOrigin&gt;&lt;ZScale&gt;10000&lt;/ZScale&gt;&lt;MOrigin&gt;-100000&lt;/MOrigin&gt;&lt;MScale&gt;10000&lt;/MScale&gt;&lt;XYTolerance&gt;8.9831528411952133e-09&lt;/XYTolerance&gt;&lt;ZTolerance&gt;0.001&lt;/ZTolerance&gt;&lt;MTolerance&gt;0.001&lt;/MTolerance&gt;&lt;HighPrecision&gt;true&lt;/HighPrecision&gt;&lt;LeftLongitude&gt;-180&lt;/LeftLongitude&gt;&lt;WKID&gt;104020&lt;/WKID&gt;&lt;LatestWKID&gt;6668&lt;/LatestWKID&gt;&lt;/GeographicCoordinateSystem&gt;</peXml></coordRef></DataProperties><SyncDate>20230220</SyncDate><SyncTime>21235100</SyncTime><ModDate>20230220</ModDate><ModTime>21235100</ModTime></Esri><dataIdInfo><envirDesc Sync="TRUE">Microsoft Windows 10 Version 10.0 (Build 19042) ; Esri ArcGIS 12.9.2.32739</envirDesc><dataLang><languageCode value="jpn" Sync="TRUE"></languageCode><countryCode value="JPN" Sync="TRUE"></countryCode></dataLang><idCitation><resTitle Sync="TRUE">S12-22_NumberOfPassengers</resTitle><presForm><PresFormCd value="005" Sync="TRUE"></PresFormCd></presForm></idCitation><spatRpType><SpatRepTypCd value="001" Sync="TRUE"></SpatRepTypCd></spatRpType></dataIdInfo><mdLang><languageCode value="jpn" Sync="TRUE"></languageCode><countryCode value="JPN" Sync="TRUE"></countryCode></mdLang><mdChar><CharSetCd value="004" Sync="TRUE"></CharSetCd></mdChar><distInfo><distFormat><formatName Sync="TRUE">シェープファイル</formatName></distFormat><distTranOps><transSize Sync="TRUE">0.000</transSize></distTranOps></distInfo><mdHrLv><ScopeCd value="005" Sync="TRUE"></ScopeCd></mdHrLv><mdHrLvName Sync="TRUE">dataset</mdHrLvName><refSysInfo><RefSystem><refSysID><identCode code="6668" Sync="TRUE"></identCode><idCodeSpace Sync="TRUE">EPSG</idCodeSpace><idVersion Sync="TRUE">8.4(10.3.1)</idVersion></refSysID></RefSystem></refSysInfo><spatRepInfo><VectSpatRep><geometObjs Name="S12-22_NumberOfPassengers"><geoObjTyp><GeoObjTypCd value="002" Sync="TRUE"></GeoObjTypCd></geoObjTyp><geoObjCnt Sync="TRUE">0</geoObjCnt></geometObjs><topLvl><TopoLevCd value="001" Sync="TRUE"></TopoLevCd></topLvl></VectSpatRep></spatRepInfo><spdoinfo><ptvctinf><esriterm Name="S12-22_NumberOfPassengers"><efeatyp Sync="TRUE">Simple</efeatyp><efeageom code="3" Sync="TRUE"></efeageom><esritopo Sync="TRUE">FALSE</esritopo><efeacnt Sync="TRUE">0</efeacnt><spindex Sync="TRUE">FALSE</spindex><linrefer Sync="TRUE">FALSE</linrefer></esriterm></ptvctinf></spdoinfo><eainfo><detailed Name="S12-22_NumberOfPassengers"><enttyp><enttypl Sync="TRUE">S12-22_NumberOfPassengers</enttypl><enttypt Sync="TRUE">Feature Class</enttypt><enttypc Sync="TRUE">0</enttypc></enttyp><attr><attrlabl Sync="TRUE">FID</attrlabl><attalias Sync="TRUE">FID</attalias><attrtype Sync="TRUE">OID</attrtype><attwidth Sync="TRUE">4</attwidth><atprecis Sync="TRUE">0</atprecis><attscale Sync="TRUE">0</attscale><attrdef Sync="TRUE">Internal feature number.</attrdef><attrdefs Sync="TRUE">Esri</attrdefs><attrdomv><udom Sync="TRUE">Sequential unique whole numbers that are automatically generated.</udom></attrdomv></attr><attr><attrlabl Sync="TRUE">Shape</attrlabl><attalias Sync="TRUE">Shape</attalias><attrtype Sync="TRUE">Geometry</attrtype><attwidth Sync="TRUE">0</attwidth><atprecis Sync="TRUE">0</atprecis><attscale Sync="TRUE">0</attscale><attrdef Sync="TRUE">Feature geometry.</attrdef><attrdefs Sync="TRUE">Esri</attrdefs><attrdomv><udom Sync="TRUE">Coordinates defining the features.</udom></attrdomv></attr><attr><attrlabl Sync="TRUE">S12_001</attrlabl><attalias Sync="TRUE">S12_001</attalias><attrtype Sync="TRUE">String</attrtype><attwidth Sync="TRUE">254</attwidth><atprecis Sync="TRUE">0</atprecis><attscale Sync="TRUE">0</attscale></attr><attr><attrlabl Sync="TRUE">S12_001c</attrlabl><attalias Sync="TRUE">S12_001c</attalias><attrtype Sync="TRUE">String</attrtype><attwidth Sync="TRUE">254</attwidth><atprecis Sync="TRUE">0</atprecis><attscale Sync="TRUE">0</attscale></attr><attr><attrlabl Sync="TRUE">S12_001g</attrlabl><attalias Sync="TRUE">S12_001g</attalias><attrtype Sync="TRUE">String</attrtype><attwidth Sync="TRUE">254</attwidth><atprecis Sync="TRUE">0</atprecis><attscale Sync="TRUE">0</attscale></attr><attr><attrlabl Sync="TRUE">S12_002</attrlabl><attalias Sync="TRUE">S12_002</attalias><attrtype Sync="TRUE">String</attrtype><attwidth Sync="TRUE">254</attwidth><atprecis Sync="TRUE">0</atprecis><attscale Sync="TRUE">0</attscale></attr><attr><attrlabl Sync="TRUE">S12_003</attrlabl><attalias Sync="TRUE">S12_003</attalias><attrtype Sync="TRUE">String</attrtype><attwidth Sync="TRUE">254</attwidth><atprecis Sync="TRUE">0</atprecis><attscale Sync="TRUE">0</attscale></attr><attr><attrlabl Sync="TRUE">S12_004</attrlabl><attalias Sync="TRUE">S12_004</attalias><attrtype Sync="TRUE">Double</attrtype><attwidth Sync="TRUE">11</attwidth><atprecis Sync="TRUE">11</atprecis><attscale Sync="TRUE">0</attscale></attr><attr><attrlabl Sync="TRUE">S12_005</attrlabl><attalias Sync="TRUE">S12_005</attalias><attrtype Sync="TRUE">Double</attrtype><attwidth Sync="TRUE">11</attwidth><atprecis Sync="TRUE">11</atprecis><attscale Sync="TRUE">0</attscale></attr><attr><attrlabl Sync="TRUE">S12_006</attrlabl><attalias Sync="TRUE">S12_006</attalias><attrtype Sync="TRUE">Double</attrtype><attwidth Sync="TRUE">11</attwidth><atprecis Sync="TRUE">11</atprecis><attscale Sync="TRUE">0</attscale></attr><attr><attrlabl Sync="TRUE">S12_007</attrlabl><attalias Sync="TRUE">S12_007</attalias><attrtype Sync="TRUE">Double</attrtype><attwidth Sync="TRUE">11</attwidth><atprecis Sync="TRUE">11</atprecis><attscale Sync="TRUE">0</attscale></attr><attr><attrlabl Sync="TRUE">S12_008</attrlabl><attalias Sync="TRUE">S12_008</attalias><attrtype Sync="TRUE">String</attrtype><attwidth Sync="TRUE">254</attwidth><atprecis Sync="TRUE">0</atprecis><attscale Sync="TRUE">0</attscale></attr><attr><attrlabl Sync="TRUE">S12_009</attrlabl><attalias Sync="TRUE">S12_009</attalias><attrtype Sync="TRUE">Double</attrtype><attwidth Sync="TRUE">11</attwidth><atprecis Sync="TRUE">11</atprecis><attscale Sync="TRUE">0</attscale></attr><attr><attrlabl Sync="TRUE">S12_010</attrlabl><attalias Sync="TRUE">S12_010</attalias><attrtype Sync="TRUE">Double</attrtype><attwidth Sync="TRUE">11</attwidth><atprecis Sync="TRUE">11</atprecis><attscale Sync="TRUE">0</attscale></attr><attr><attrlabl Sync="TRUE">S12_011</attrlabl><attalias Sync="TRUE">S12_011</attalias><attrtype Sync="TRUE">Double</attrtype><attwidth Sync="TRUE">11</attwidth><atprecis Sync="TRUE">11</atprecis><attscale Sync="TRUE">0</attscale></attr><attr><attrlabl Sync="TRUE">S12_012</attrlabl><attalias Sync="TRUE">S12_012</attalias><attrtype Sync="TRUE">String</attrtype><attwidth Sync="TRUE">254</attwidth><atprecis Sync="TRUE">0</atprecis><attscale Sync="TRUE">0</attscale></attr><attr><attrlabl Sync="TRUE">S12_013</attrlabl><attalias Sync="TRUE">S12_013</attalias><attrtype Sync="TRUE">Double</attrtype><attwidth Sync="TRUE">11</attwidth><atprecis Sync="TRUE">11</atprecis><attscale Sync="TRUE">0</attscale></attr><attr><attrlabl Sync="TRUE">S12_014</attrlabl><attalias Sync="TRUE">S12_014</attalias><attrtype Sync="TRUE">Double</attrtype><attwidth Sync="TRUE">11</attwidth><atprecis Sync="TRUE">11</atprecis><attscale Sync="TRUE">0</attscale></attr><attr><attrlabl Sync="TRUE">S12_015</attrlabl><attalias Sync="TRUE">S12_015</attalias><attrtype Sync="TRUE">Double</attrtype><attwidth Sync="TRUE">11</attwidth><atprecis Sync="TRUE">11</atprecis><attscale Sync="TRUE">0</attscale></attr><attr><attrlabl Sync="TRUE">S12_016</attrlabl><attalias Sync="TRUE">S12_016</attalias><attrtype Sync="TRUE">String</attrtype><attwidth Sync="TRUE">254</attwidth><atprecis Sync="TRUE">0</atprecis><attscale Sync="TRUE">0</attscale></attr><attr><attrlabl Sync="TRUE">S12_017</attrlabl><attalias Sync="TRUE">S12_017</attalias><attrtype Sync="TRUE">Double</attrtype><attwidth Sync="TRUE">11</attwidth><atprecis Sync="TRUE">11</atprecis><attscale Sync="TRUE">0</attscale></attr><attr><attrlabl Sync="TRUE">S12_018</attrlabl><attalias Sync="TRUE">S12_018</attalias><attrtype Sync="TRUE">Double</attrtype><attwidth Sync="TRUE">11</attwidth><atprecis Sync="TRUE">11</atprecis><attscale Sync="TRUE">0</attscale></attr><attr><attrlabl Sync="TRUE">S12_019</attrlabl><attalias Sync="TRUE">S12_019</attalias><attrtype Sync="TRUE">Double</attrtype><attwidth Sync="TRUE">11</attwidth><atprecis Sync="TRUE">11</atprecis><attscale Sync="TRUE">0</attscale></attr><attr><attrlabl Sync="TRUE">S12_020</attrlabl><attalias Sync="TRUE">S12_020</attalias><attrtype Sync="TRUE">String</attrtype><attwidth Sync="TRUE">254</attwidth><atprecis Sync="TRUE">0</atprecis><attscale Sync="TRUE">0</attscale></attr><attr><attrlabl Sync="TRUE">S12_021</attrlabl><attalias Sync="TRUE">S12_021</attalias><attrtype Sync="TRUE">Double</attrtype><attwidth Sync="TRUE">11</attwidth><atprecis Sync="TRUE">11</atprecis><attscale Sync="TRUE">0</attscale></attr><attr><attrlabl Sync="TRUE">S12_022</attrlabl><attalias Sync="TRUE">S12_022</attalias><attrtype Sync="TRUE">Double</attrtype><attwidth Sync="TRUE">11</attwidth><atprecis Sync="TRUE">11</atprecis><attscale Sync="TRUE">0</attscale></attr><attr><attrlabl Sync="TRUE">S12_023</attrlabl><attalias Sync="TRUE">S12_023</attalias><attrtype Sync="TRUE">Double</attrtype><attwidth Sync="TRUE">11</attwidth><atprecis Sync="TRUE">11</atprecis><attscale Sync="TRUE">0</attscale></attr><attr><attrlabl Sync="TRUE">S12_024</attrlabl><attalias Sync="TRUE">S12_024</attalias><attrtype Sync="TRUE">String</attrtype><attwidth Sync="TRUE">254</attwidth><atprecis Sync="TRUE">0</atprecis><attscale Sync="TRUE">0</attscale></attr><attr><attrlabl Sync="TRUE">S12_025</attrlabl><attalias Sync="TRUE">S12_025</attalias><attrtype Sync="TRUE">Double</attrtype><attwidth Sync="TRUE">11</attwidth><atprecis Sync="TRUE">11</atprecis><attscale Sync="TRUE">0</attscale></attr><attr><attrlabl Sync="TRUE">S12_026</attrlabl><attalias Sync="TRUE">S12_026</attalias><attrtype Sync="TRUE">Double</attrtype><attwidth Sync="TRUE">11</attwidth><atprecis Sync="TRUE">11</atprecis><attscale Sync="TRUE">0</attscale></attr><attr><attrlabl Sync="TRUE">S12_027</attrlabl><attalias Sync="TRUE">S12_027</attalias><attrtype Sync="TRUE">Double</attrtype><attwidth Sync="TRUE">11</attwidth><atprecis Sync="TRUE">11</atprecis><attscale Sync="TRUE">0</attscale></attr><attr><attrlabl Sync="TRUE">S12_028</attrlabl><attalias Sync="TRUE">S12_028</attalias><attrtype Sync="TRUE">String</attrtype><attwidth Sync="TRUE">254</attwidth><atprecis Sync="TRUE">0</atprecis><attscale Sync="TRUE">0</attscale></attr><attr><attrlabl Sync="TRUE">S12_029</attrlabl><attalias Sync="TRUE">S12_029</attalias><attrtype Sync="TRUE">Double</attrtype><attwidth Sync="TRUE">11</attwidth><atprecis Sync="TRUE">11</atprecis><attscale Sync="TRUE">0</attscale></attr><attr><attrlabl Sync="TRUE">S12_030</attrlabl><attalias Sync="TRUE">S12_030</attalias><attrtype Sync="TRUE">Double</attrtype><attwidth Sync="TRUE">11</attwidth><atprecis Sync="TRUE">11</atprecis><attscale Sync="TRUE">0</attscale></attr><attr><attrlabl Sync="TRUE">S12_031</attrlabl><attalias Sync="TRUE">S12_031</attalias><attrtype Sync="TRUE">Double</attrtype><attwidth Sync="TRUE">11</attwidth><atprecis Sync="TRUE">11</atprecis><attscale Sync="TRUE">0</attscale></attr><attr><attrlabl Sync="TRUE">S12_032</attrlabl><attalias Sync="TRUE">S12_032</attalias><attrtype Sync="TRUE">String</attrtype><attwidth Sync="TRUE">254</attwidth><atprecis Sync="TRUE">0</atprecis><attscale Sync="TRUE">0</attscale></attr><attr><attrlabl Sync="TRUE">S12_033</attrlabl><attalias Sync="TRUE">S12_033</attalias><attrtype Sync="TRUE">Double</attrtype><attwidth Sync="TRUE">11</attwidth><atprecis Sync="TRUE">11</atprecis><attscale Sync="TRUE">0</attscale></attr><attr><attrlabl Sync="TRUE">S12_034</attrlabl><attalias Sync="TRUE">S12_034</attalias><attrtype Sync="TRUE">Double</attrtype><attwidth Sync="TRUE">11</attwidth><atprecis Sync="TRUE">11</atprecis><attscale Sync="TRUE">0</attscale></attr><attr><attrlabl Sync="TRUE">S12_035</attrlabl><attalias Sync="TRUE">S12_035</attalias><attrtype Sync="TRUE">Double</attrtype><attwidth Sync="TRUE">11</attwidth><atprecis Sync="TRUE">11</atprecis><attscale Sync="TRUE">0</attscale></attr><attr><attrlabl Sync="TRUE">S12_036</attrlabl><attalias Sync="TRUE">S12_036</attalias><attrtype Sync="TRUE">String</attrtype><attwidth Sync="TRUE">254</attwidth><atprecis Sync="TRUE">0</atprecis><attscale Sync="TRUE">0</attscale></attr><attr><attrlabl Sync="TRUE">S12_037</attrlabl><attalias Sync="TRUE">S12_037</attalias><attrtype Sync="TRUE">Double</attrtype><attwidth Sync="TRUE">11</attwidth><atprecis Sync="TRUE">11</atprecis><attscale Sync="TRUE">0</attscale></attr><attr><attrlabl Sync="TRUE">S12_038</attrlabl><attalias Sync="TRUE">S12_038</attalias><attrtype Sync="TRUE">Double</attrtype><attwidth Sync="TRUE">11</attwidth><atprecis Sync="TRUE">11</atprecis><attscale Sync="TRUE">0</attscale></attr><attr><attrlabl Sync="TRUE">S12_039</attrlabl><attalias Sync="TRUE">S12_039</attalias><attrtype Sync="TRUE">Double</attrtype><attwidth Sync="TRUE">11</attwidth><atprecis Sync="TRUE">11</atprecis><attscale Sync="TRUE">0</attscale></attr><attr><attrlabl Sync="TRUE">S12_040</attrlabl><attalias Sync="TRUE">S12_040</attalias><attrtype Sync="TRUE">String</attrtype><attwidth Sync="TRUE">254</attwidth><atprecis Sync="TRUE">0</atprecis><attscale Sync="TRUE">0</attscale></attr><attr><attrlabl Sync="TRUE">S12_041</attrlabl><attalias Sync="TRUE">S12_041</attalias><attrtype Sync="TRUE">Double</attrtype><attwidth Sync="TRUE">11</attwidth><atprecis Sync="TRUE">11</atprecis><attscale Sync="TRUE">0</attscale></attr><attr><attrlabl Sync="TRUE">S12_042</attrlabl><attalias Sync="TRUE">S12_042</attalias><attrtype Sync="TRUE">Double</attrtype><attwidth Sync="TRUE">11</attwidth><atprecis Sync="TRUE">11</atprecis><attscale Sync="TRUE">0</attscale></attr><attr><attrlabl Sync="TRUE">S12_043</attrlabl><attalias Sync="TRUE">S12_043</attalias><attrtype Sync="TRUE">Double</attrtype><attwidth Sync="TRUE">11</attwidth><atprecis Sync="TRUE">11</atprecis><attscale Sync="TRUE">0</attscale></attr><attr><attrlabl Sync="TRUE">S12_044</attrlabl><attalias Sync="TRUE">S12_044</attalias><attrtype Sync="TRUE">String</attrtype><attwidth Sync="TRUE">254</attwidth><atprecis Sync="TRUE">0</atprecis><attscale Sync="TRUE">0</attscale></attr><attr><attrlabl Sync="TRUE">S12_045</attrlabl><attalias Sync="TRUE">S12_045</attalias><attrtype Sync="TRUE">Double</attrtype><attwidth Sync="TRUE">11</attwidth><atprecis Sync="TRUE">11</atprecis><attscale Sync="TRUE">0</attscale></attr><attr><attrlabl Sync="TRUE">S12_046</attrlabl><attalias Sync="TRUE">S12_046</attalias><attrtype Sync="TRUE">Double</attrtype><attwidth Sync="TRUE">11</attwidth><atprecis Sync="TRUE">11</atprecis><attscale Sync="TRUE">0</attscale></attr><attr><attrlabl Sync="TRUE">S12_047</attrlabl><attalias Sync="TRUE">S12_047</attalias><attrtype Sync="TRUE">Double</attrtype><attwidth Sync="TRUE">11</attwidth><atprecis Sync="TRUE">11</atprecis><attscale Sync="TRUE">0</attscale></attr><attr><attrlabl Sync="TRUE">S12_048</attrlabl><attalias Sync="TRUE">S12_048</attalias><attrtype Sync="TRUE">String</attrtype><attwidth Sync="TRUE">254</attwidth><atprecis Sync="TRUE">0</atprecis><attscale Sync="TRUE">0</attscale></attr><attr><attrlabl Sync="TRUE">S12_049</attrlabl><attalias Sync="TRUE">S12_049</attalias><attrtype Sync="TRUE">Double</attrtype><attwidth Sync="TRUE">11</attwidth><atprecis Sync="TRUE">11</atprecis><attscale Sync="TRUE">0</attscale></attr></detailed></eainfo><mdDateSt Sync="TRUE">20230220</mdDateSt></metadata>
